timestamp,username,ip,status,latitude,longitude,city,device
2026-06-01 07:08:00,sandeep.t,192.170.242.133,SUCCESS,19.076,72.8777,Mumbai,Safari-iOS-Mobile
2026-06-01 07:17:00,sandeep.t,123.217.248.156,SUCCESS,19.076,72.8777,Mumbai,Safari-iOS-Mobile
2026-06-01 08:03:00,amit.v,113.173.55.64,SUCCESS,28.7041,77.1025,Delhi,Chrome-Win10-Desktop
2026-06-01 08:20:00,neha.r,165.75.33.33,SUCCESS,18.5204,73.8567,Pune,Safari-iOS-Mobile
2026-06-01 08:59:00,rakesh.k,89.192.203.242,SUCCESS,19.076,72.8777,Mumbai,Edge-Win11-Desktop
2026-06-01 09:27:00,amit.v,102.235.78.112,SUCCESS,28.7041,77.1025,Delhi,Chrome-Win10-Desktop
2026-06-01 09:30:00,amit.v,112.218.55.126,SUCCESS,28.7041,77.1025,Delhi,Chrome-Win10-Desktop
2026-06-01 09:30:00,rakesh.k,123.155.140.152,FAIL,19.076,72.8777,Mumbai,Edge-Win11-Desktop
2026-06-01 09:37:00,amit.v,151.117.112.2,FAIL,28.7041,77.1025,Delhi,Chrome-Win10-Desktop
2026-06-01 09:40:00,amit.v,118.141.22.1,SUCCESS,28.7041,77.1025,Delhi,Chrome-Win10-Desktop
2026-06-01 09:42:00,neha.r,120.181.216.106,SUCCESS,18.5204,73.8567,Pune,Safari-iOS-Mobile
2026-06-01 09:46:00,amit.v,194.134.91.130,SUCCESS,28.7041,77.1025,Delhi,Chrome-Win10-Desktop
2026-06-01 09:47:00,amit.v,145.110.192.108,SUCCESS,28.7041,77.1025,Delhi,Chrome-Win10-Desktop
2026-06-01 10:22:00,rakesh.k,211.34.176.62,SUCCESS,19.076,72.8777,Mumbai,Edge-Win11-Desktop
2026-06-01 10:46:00,sandeep.t,127.63.193.21,SUCCESS,19.076,72.8777,Mumbai,Safari-iOS-Mobile
2026-06-01 10:46:00,rakesh.k,59.161.61.191,SUCCESS,19.076,72.8777,Mumbai,Edge-Win11-Desktop
2026-06-01 10:47:00,priya.s,151.79.139.73,SUCCESS,19.076,72.8777,Mumbai,Chrome-Win10-Desktop
2026-06-01 10:57:00,neha.r,215.238.147.174,SUCCESS,18.5204,73.8567,Pune,Safari-iOS-Mobile
2026-06-01 11:26:00,sandeep.t,100.216.26.248,SUCCESS,19.076,72.8777,Mumbai,Safari-iOS-Mobile
2026-06-01 11:26:00,rakesh.k,159.157.13.153,SUCCESS,19.076,72.8777,Mumbai,Edge-Win11-Desktop
2026-06-01 11:54:00,neha.r,37.220.68.226,SUCCESS,18.5204,73.8567,Pune,Safari-iOS-Mobile
2026-06-01 14:08:00,priya.s,138.169.51.224,SUCCESS,19.076,72.8777,Mumbai,Chrome-Win10-Desktop
2026-06-01 14:14:00,sandeep.t,83.144.232.19,SUCCESS,19.076,72.8777,Mumbai,Safari-iOS-Mobile
2026-06-01 14:38:00,sandeep.t,20.221.165.155,SUCCESS,19.076,72.8777,Mumbai,Safari-iOS-Mobile
2026-06-01 14:49:00,sandeep.t,83.121.154.32,FAIL,19.076,72.8777,Mumbai,Safari-iOS-Mobile
2026-06-01 16:01:00,neha.r,75.110.76.141,SUCCESS,18.5204,73.8567,Pune,Safari-iOS-Mobile
2026-06-01 17:26:00,priya.s,114.169.238.107,FAIL,19.076,72.8777,Mumbai,Chrome-Win10-Desktop
2026-06-01 18:18:00,neha.r,66.207.124.79,SUCCESS,18.5204,73.8567,Pune,Safari-iOS-Mobile
2026-06-01 19:43:00,priya.s,104.183.31.102,SUCCESS,19.076,72.8777,Mumbai,Chrome-Win10-Desktop
2026-06-01 19:48:00,rakesh.k,216.81.216.88,SUCCESS,19.076,72.8777,Mumbai,Edge-Win11-Desktop
2026-06-01 20:20:00,rakesh.k,213.28.150.92,SUCCESS,19.076,72.8777,Mumbai,Edge-Win11-Desktop
2026-06-01 20:26:00,neha.r,23.202.191.61,SUCCESS,18.5204,73.8567,Pune,Safari-iOS-Mobile
2026-06-01 21:06:00,rakesh.k,70.69.198.117,SUCCESS,19.076,72.8777,Mumbai,Edge-Win11-Desktop
2026-06-01 21:47:00,priya.s,57.255.198.234,SUCCESS,19.076,72.8777,Mumbai,Chrome-Win10-Desktop
2026-06-02 07:02:00,neha.r,212.102.21.81,SUCCESS,18.5204,73.8567,Pune,Safari-iOS-Mobile
2026-06-02 08:06:00,amit.v,188.154.61.204,SUCCESS,28.7041,77.1025,Delhi,Chrome-Win10-Desktop
2026-06-02 08:30:00,rakesh.k,16.167.113.166,FAIL,19.076,72.8777,Mumbai,Edge-Win11-Desktop
2026-06-02 09:04:00,amit.v,18.169.36.132,SUCCESS,28.7041,77.1025,Delhi,Chrome-Win10-Desktop
2026-06-02 09:15:00,neha.r,200.134.219.230,SUCCESS,18.5204,73.8567,Pune,Safari-iOS-Mobile
2026-06-02 09:50:00,neha.r,148.187.139.213,SUCCESS,18.5204,73.8567,Pune,Safari-iOS-Mobile
2026-06-02 09:50:00,amit.v,154.105.35.213,SUCCESS,28.7041,77.1025,Delhi,Chrome-Win10-Desktop
2026-06-02 09:52:00,amit.v,18.161.205.69,FAIL,28.7041,77.1025,Delhi,Chrome-Win10-Desktop
2026-06-02 10:09:00,priya.s,29.151.51.130,SUCCESS,19.076,72.8777,Mumbai,Chrome-Win10-Desktop
2026-06-02 10:15:00,amit.v,54.38.80.1,SUCCESS,28.7041,77.1025,Delhi,Chrome-Win10-Desktop
2026-06-02 10:16:00,priya.s,60.88.78.195,SUCCESS,19.076,72.8777,Mumbai,Chrome-Win10-Desktop
2026-06-02 10:32:00,rakesh.k,136.46.24.221,SUCCESS,19.076,72.8777,Mumbai,Edge-Win11-Desktop
2026-06-02 10:34:00,amit.v,19.189.75.111,SUCCESS,28.7041,77.1025,Delhi,Chrome-Win10-Desktop
2026-06-02 10:46:00,neha.r,156.242.124.201,SUCCESS,18.5204,73.8567,Pune,Safari-iOS-Mobile
2026-06-02 10:49:00,sandeep.t,156.213.15.128,SUCCESS,19.076,72.8777,Mumbai,Safari-iOS-Mobile
2026-06-02 10:56:00,rakesh.k,155.40.43.188,SUCCESS,19.076,72.8777,Mumbai,Edge-Win11-Desktop
2026-06-02 11:20:00,priya.s,191.115.177.243,SUCCESS,19.076,72.8777,Mumbai,Chrome-Win10-Desktop
2026-06-02 11:40:00,sandeep.t,202.251.52.224,FAIL,19.076,72.8777,Mumbai,Safari-iOS-Mobile
2026-06-02 12:41:00,neha.r,186.2.54.200,SUCCESS,18.5204,73.8567,Pune,Safari-iOS-Mobile
2026-06-02 12:43:00,rakesh.k,131.34.46.213,SUCCESS,19.076,72.8777,Mumbai,Edge-Win11-Desktop
2026-06-02 13:06:00,rakesh.k,22.148.196.222,SUCCESS,19.076,72.8777,Mumbai,Edge-Win11-Desktop
2026-06-02 16:31:00,neha.r,159.73.118.119,SUCCESS,18.5204,73.8567,Pune,Safari-iOS-Mobile
2026-06-02 16:49:00,sandeep.t,43.221.28.213,SUCCESS,19.076,72.8777,Mumbai,Safari-iOS-Mobile
2026-06-02 17:29:00,sandeep.t,107.138.112.176,SUCCESS,19.076,72.8777,Mumbai,Safari-iOS-Mobile
2026-06-02 17:51:00,priya.s,60.75.12.12,SUCCESS,19.076,72.8777,Mumbai,Chrome-Win10-Desktop
2026-06-02 18:02:00,rakesh.k,83.241.71.195,SUCCESS,19.076,72.8777,Mumbai,Edge-Win11-Desktop
2026-06-02 18:08:00,neha.r,107.117.181.19,SUCCESS,18.5204,73.8567,Pune,Safari-iOS-Mobile
2026-06-02 19:46:00,sandeep.t,122.22.210.94,SUCCESS,19.076,72.8777,Mumbai,Safari-iOS-Mobile
2026-06-02 20:20:00,sandeep.t,166.163.83.101,SUCCESS,19.076,72.8777,Mumbai,Safari-iOS-Mobile
2026-06-02 20:23:00,neha.r,183.225.236.197,SUCCESS,18.5204,73.8567,Pune,Safari-iOS-Mobile
2026-06-02 21:48:00,rakesh.k,104.54.163.62,SUCCESS,19.076,72.8777,Mumbai,Edge-Win11-Desktop
2026-06-02 21:52:00,priya.s,93.160.97.196,SUCCESS,19.076,72.8777,Mumbai,Chrome-Win10-Desktop
2026-06-02 21:54:00,priya.s,165.224.17.33,FAIL,19.076,72.8777,Mumbai,Chrome-Win10-Desktop
2026-06-03 03:10:00,rakesh.k,203.0.113.77,FAIL,35.6895,139.6917,Unknown,Unknown-Bot-Client
2026-06-03 03:10:40,rakesh.k,203.0.113.77,FAIL,35.6895,139.6917,Unknown,Unknown-Bot-Client
2026-06-03 03:11:20,rakesh.k,203.0.113.77,FAIL,35.6895,139.6917,Unknown,Unknown-Bot-Client
2026-06-03 03:12:00,rakesh.k,203.0.113.77,FAIL,35.6895,139.6917,Unknown,Unknown-Bot-Client
2026-06-03 03:12:40,rakesh.k,203.0.113.77,FAIL,35.6895,139.6917,Unknown,Unknown-Bot-Client
2026-06-03 03:13:20,rakesh.k,203.0.113.77,FAIL,35.6895,139.6917,Unknown,Unknown-Bot-Client
2026-06-03 03:14:00,rakesh.k,203.0.113.77,FAIL,35.6895,139.6917,Unknown,Unknown-Bot-Client
2026-06-03 03:14:40,rakesh.k,203.0.113.77,FAIL,35.6895,139.6917,Unknown,Unknown-Bot-Client
2026-06-03 07:03:00,sandeep.t,22.244.80.15,SUCCESS,19.076,72.8777,Mumbai,Safari-iOS-Mobile
2026-06-03 07:56:00,sandeep.t,206.67.192.40,SUCCESS,19.076,72.8777,Mumbai,Safari-iOS-Mobile
2026-06-03 09:02:00,rakesh.k,37.222.176.187,SUCCESS,19.076,72.8777,Mumbai,Edge-Win11-Desktop
2026-06-03 09:05:00,amit.v,73.60.213.156,SUCCESS,28.7041,77.1025,Delhi,Chrome-Win10-Desktop
2026-06-03 09:08:00,amit.v,99.35.125.95,SUCCESS,28.7041,77.1025,Delhi,Chrome-Win10-Desktop
2026-06-03 09:08:00,amit.v,21.180.173.209,SUCCESS,28.7041,77.1025,Delhi,Chrome-Win10-Desktop
2026-06-03 09:13:00,rakesh.k,181.136.36.156,SUCCESS,19.076,72.8777,Mumbai,Edge-Win11-Desktop
2026-06-03 09:14:00,amit.v,17.163.50.215,SUCCESS,28.7041,77.1025,Delhi,Chrome-Win10-Desktop
2026-06-03 09:24:00,neha.r,93.108.232.84,SUCCESS,18.5204,73.8567,Pune,Safari-iOS-Mobile
2026-06-03 09:34:00,amit.v,119.189.35.130,SUCCESS,28.7041,77.1025,Delhi,Chrome-Win10-Desktop
2026-06-03 09:49:00,amit.v,153.208.79.237,SUCCESS,28.7041,77.1025,Delhi,Chrome-Win10-Desktop
2026-06-03 09:54:00,amit.v,47.66.128.205,SUCCESS,28.7041,77.1025,Delhi,Chrome-Win10-Desktop
2026-06-03 10:03:00,priya.s,22.144.253.153,SUCCESS,19.076,72.8777,Mumbai,Chrome-Win10-Desktop
2026-06-03 10:20:00,rakesh.k,148.41.70.39,SUCCESS,19.076,72.8777,Mumbai,Edge-Win11-Desktop
2026-06-03 11:13:00,sandeep.t,181.160.122.68,SUCCESS,19.076,72.8777,Mumbai,Safari-iOS-Mobile
2026-06-03 11:30:00,sandeep.t,72.207.152.117,FAIL,19.076,72.8777,Mumbai,Safari-iOS-Mobile
2026-06-03 12:00:00,priya.s,191.64.140.12,SUCCESS,19.076,72.8777,Mumbai,Chrome-Win10-Desktop
2026-06-03 12:19:00,sandeep.t,56.109.174.243,SUCCESS,19.076,72.8777,Mumbai,Safari-iOS-Mobile
2026-06-03 12:35:00,neha.r,103.73.101.155,SUCCESS,18.5204,73.8567,Pune,Safari-iOS-Mobile
2026-06-03 12:40:00,sandeep.t,193.249.18.159,FAIL,19.076,72.8777,Mumbai,Safari-iOS-Mobile
2026-06-03 12:55:00,sandeep.t,58.122.196.60,SUCCESS,19.076,72.8777,Mumbai,Safari-iOS-Mobile
2026-06-03 13:43:00,neha.r,163.26.171.17,SUCCESS,18.5204,73.8567,Pune,Safari-iOS-Mobile
2026-06-03 13:49:00,priya.s,104.85.58.200,SUCCESS,19.076,72.8777,Mumbai,Chrome-Win10-Desktop
2026-06-03 14:11:00,neha.r,127.175.181.174,SUCCESS,18.5204,73.8567,Pune,Safari-iOS-Mobile
2026-06-03 14:31:00,sandeep.t,15.46.201.130,SUCCESS,19.076,72.8777,Mumbai,Safari-iOS-Mobile
2026-06-03 15:06:00,priya.s,30.167.151.79,SUCCESS,19.076,72.8777,Mumbai,Chrome-Win10-Desktop
2026-06-03 15:24:00,sandeep.t,162.150.232.130,SUCCESS,19.076,72.8777,Mumbai,Safari-iOS-Mobile
2026-06-03 16:10:00,priya.s,199.226.218.144,FAIL,19.076,72.8777,Mumbai,Chrome-Win10-Desktop
2026-06-03 16:25:00,priya.s,150.0.155.74,SUCCESS,19.076,72.8777,Mumbai,Chrome-Win10-Desktop
2026-06-03 16:29:00,sandeep.t,123.226.109.131,SUCCESS,19.076,72.8777,Mumbai,Safari-iOS-Mobile
2026-06-03 16:32:00,priya.s,179.171.47.210,SUCCESS,19.076,72.8777,Mumbai,Chrome-Win10-Desktop
2026-06-03 17:16:00,sandeep.t,195.76.170.21,SUCCESS,19.076,72.8777,Mumbai,Safari-iOS-Mobile
2026-06-03 18:02:00,rakesh.k,112.26.99.93,SUCCESS,19.076,72.8777,Mumbai,Edge-Win11-Desktop
2026-06-03 19:07:00,rakesh.k,205.142.115.207,SUCCESS,19.076,72.8777,Mumbai,Edge-Win11-Desktop
2026-06-03 19:12:00,rakesh.k,172.140.64.161,SUCCESS,19.076,72.8777,Mumbai,Edge-Win11-Desktop
2026-06-03 20:00:00,rakesh.k,56.73.205.18,SUCCESS,19.076,72.8777,Mumbai,Edge-Win11-Desktop
2026-06-03 20:13:00,sandeep.t,177.255.202.227,SUCCESS,19.076,72.8777,Mumbai,Safari-iOS-Mobile
2026-06-03 20:36:00,sandeep.t,59.35.23.170,SUCCESS,19.076,72.8777,Mumbai,Safari-iOS-Mobile
2026-06-03 20:41:00,neha.r,114.59.71.12,SUCCESS,18.5204,73.8567,Pune,Safari-iOS-Mobile
2026-06-03 20:41:00,priya.s,188.200.66.153,SUCCESS,19.076,72.8777,Mumbai,Chrome-Win10-Desktop
2026-06-03 21:01:00,rakesh.k,222.202.140.3,SUCCESS,19.076,72.8777,Mumbai,Edge-Win11-Desktop
2026-06-03 21:02:00,neha.r,186.189.111.114,SUCCESS,18.5204,73.8567,Pune,Safari-iOS-Mobile
2026-06-03 21:06:00,priya.s,33.194.49.92,SUCCESS,19.076,72.8777,Mumbai,Chrome-Win10-Desktop
2026-06-03 21:39:00,sandeep.t,216.247.238.112,SUCCESS,19.076,72.8777,Mumbai,Safari-iOS-Mobile
2026-06-03 21:47:00,neha.r,96.58.239.247,FAIL,18.5204,73.8567,Pune,Safari-iOS-Mobile
2026-06-04 08:11:00,amit.v,192.227.44.208,SUCCESS,28.7041,77.1025,Delhi,Chrome-Win10-Desktop
2026-06-04 08:28:00,sandeep.t,19.29.188.213,SUCCESS,19.076,72.8777,Mumbai,Safari-iOS-Mobile
2026-06-04 09:09:00,amit.v,115.104.210.129,SUCCESS,28.7041,77.1025,Delhi,Chrome-Win10-Desktop
2026-06-04 09:13:00,amit.v,97.73.160.221,SUCCESS,28.7041,77.1025,Delhi,Chrome-Win10-Desktop
2026-06-04 09:14:00,amit.v,61.235.179.79,SUCCESS,28.7041,77.1025,Delhi,Chrome-Win10-Desktop
2026-06-04 09:22:00,neha.r,124.21.180.158,SUCCESS,18.5204,73.8567,Pune,Safari-iOS-Mobile
2026-06-04 09:29:00,amit.v,203.229.165.222,SUCCESS,28.7041,77.1025,Delhi,Chrome-Win10-Desktop
2026-06-04 09:29:00,amit.v,184.176.65.225,SUCCESS,28.7041,77.1025,Delhi,Chrome-Win10-Desktop
2026-06-04 09:30:00,priya.s,64.205.30.43,SUCCESS,19.076,72.8777,Mumbai,Chrome-Win10-Desktop
2026-06-04 09:32:00,amit.v,125.143.60.33,SUCCESS,28.7041,77.1025,Delhi,Chrome-Win10-Desktop
2026-06-04 09:42:00,neha.r,145.162.226.157,SUCCESS,18.5204,73.8567,Pune,Safari-iOS-Mobile
2026-06-04 09:51:00,amit.v,151.66.44.17,SUCCESS,28.7041,77.1025,Delhi,Chrome-Win10-Desktop
2026-06-04 10:01:00,amit.v,127.39.160.148,SUCCESS,28.7041,77.1025,Delhi,Chrome-Win10-Desktop
2026-06-04 10:22:00,amit.v,114.170.164.172,SUCCESS,28.7041,77.1025,Delhi,Chrome-Win10-Desktop
2026-06-04 10:36:00,priya.s,184.92.87.45,FAIL,19.076,72.8777,Mumbai,Chrome-Win10-Desktop
2026-06-04 11:54:00,rakesh.k,223.214.112.125,SUCCESS,19.076,72.8777,Mumbai,Edge-Win11-Desktop
2026-06-04 12:25:00,neha.r,116.48.160.110,SUCCESS,18.5204,73.8567,Pune,Safari-iOS-Mobile
2026-06-04 13:11:00,sandeep.t,81.236.127.224,SUCCESS,19.076,72.8777,Mumbai,Safari-iOS-Mobile
2026-06-04 14:00:00,priya.s,194.135.247.50,SUCCESS,19.076,72.8777,Mumbai,Chrome-Win10-Desktop
2026-06-04 14:10:00,neha.r,219.102.70.224,SUCCESS,18.5204,73.8567,Pune,Safari-iOS-Mobile
2026-06-04 14:21:00,neha.r,181.207.84.216,SUCCESS,18.5204,73.8567,Pune,Safari-iOS-Mobile
2026-06-04 14:21:00,rakesh.k,57.26.129.241,SUCCESS,19.076,72.8777,Mumbai,Edge-Win11-Desktop
2026-06-04 14:40:00,priya.s,73.142.152.58,SUCCESS,51.5074,-0.1278,London,Chrome-Win10-Desktop
2026-06-04 15:23:00,rakesh.k,182.134.195.211,SUCCESS,19.076,72.8777,Mumbai,Edge-Win11-Desktop
2026-06-04 15:32:00,sandeep.t,66.22.154.118,SUCCESS,19.076,72.8777,Mumbai,Safari-iOS-Mobile
2026-06-04 16:09:00,sandeep.t,58.151.111.248,FAIL,19.076,72.8777,Mumbai,Safari-iOS-Mobile
2026-06-04 17:18:00,neha.r,39.207.10.248,SUCCESS,18.5204,73.8567,Pune,Safari-iOS-Mobile
2026-06-04 17:42:00,priya.s,176.191.224.231,SUCCESS,19.076,72.8777,Mumbai,Chrome-Win10-Desktop
2026-06-04 18:09:00,sandeep.t,220.124.16.147,SUCCESS,19.076,72.8777,Mumbai,Safari-iOS-Mobile
2026-06-04 18:38:00,priya.s,26.197.195.153,SUCCESS,19.076,72.8777,Mumbai,Chrome-Win10-Desktop
2026-06-04 20:07:00,sandeep.t,129.155.206.242,SUCCESS,19.076,72.8777,Mumbai,Safari-iOS-Mobile
2026-06-04 20:56:00,priya.s,188.248.62.8,SUCCESS,19.076,72.8777,Mumbai,Chrome-Win10-Desktop
2026-06-04 21:40:00,neha.r,56.69.32.184,SUCCESS,18.5204,73.8567,Pune,Safari-iOS-Mobile
2026-06-05 03:05:00,amit.v,86.147.106.177,SUCCESS,28.7041,77.1025,Delhi,Chrome-Win10-Desktop
2026-06-05 09:01:00,amit.v,153.101.214.57,SUCCESS,28.7041,77.1025,Delhi,Chrome-Win10-Desktop
2026-06-05 09:09:00,amit.v,71.64.242.172,SUCCESS,28.7041,77.1025,Delhi,Chrome-Win10-Desktop
2026-06-05 09:19:00,amit.v,173.217.128.117,SUCCESS,28.7041,77.1025,Delhi,Chrome-Win10-Desktop
2026-06-05 09:23:00,amit.v,197.67.46.233,SUCCESS,28.7041,77.1025,Delhi,Chrome-Win10-Desktop
2026-06-05 09:47:00,amit.v,137.146.117.156,SUCCESS,28.7041,77.1025,Delhi,Chrome-Win10-Desktop
2026-06-05 09:55:00,sandeep.t,165.216.108.238,SUCCESS,19.076,72.8777,Mumbai,Safari-iOS-Mobile
2026-06-05 09:58:00,amit.v,126.7.73.105,SUCCESS,28.7041,77.1025,Delhi,Chrome-Win10-Desktop
2026-06-05 09:59:00,amit.v,216.100.186.111,FAIL,28.7041,77.1025,Delhi,Chrome-Win10-Desktop
2026-06-05 10:02:00,sandeep.t,168.41.214.169,SUCCESS,19.076,72.8777,Mumbai,Safari-iOS-Mobile
2026-06-05 10:07:00,rakesh.k,98.220.56.73,SUCCESS,19.076,72.8777,Mumbai,Edge-Win11-Desktop
2026-06-05 10:09:00,neha.r,108.97.69.222,FAIL,18.5204,73.8567,Pune,Safari-iOS-Mobile
2026-06-05 10:24:00,sandeep.t,125.226.152.221,SUCCESS,19.076,72.8777,Mumbai,Safari-iOS-Mobile
2026-06-05 10:38:00,amit.v,139.196.236.149,SUCCESS,28.7041,77.1025,Delhi,Chrome-Win10-Desktop
2026-06-05 10:55:00,sandeep.t,12.58.136.197,SUCCESS,19.076,72.8777,Mumbai,Safari-iOS-Mobile
2026-06-05 11:03:00,neha.r,166.50.106.161,SUCCESS,18.5204,73.8567,Pune,Safari-iOS-Mobile
2026-06-05 11:20:00,neha.r,190.250.162.123,SUCCESS,19.076,72.8777,Mumbai,Firefox-Linux-Desktop
2026-06-05 12:02:00,rakesh.k,164.78.230.243,SUCCESS,19.076,72.8777,Mumbai,Edge-Win11-Desktop
2026-06-05 12:02:00,sandeep.t,221.14.41.12,SUCCESS,19.076,72.8777,Mumbai,Safari-iOS-Mobile
2026-06-05 12:25:00,rakesh.k,183.169.14.30,SUCCESS,19.076,72.8777,Mumbai,Edge-Win11-Desktop
2026-06-05 12:32:00,rakesh.k,64.79.246.58,SUCCESS,19.076,72.8777,Mumbai,Edge-Win11-Desktop
2026-06-05 13:09:00,rakesh.k,222.223.46.243,SUCCESS,19.076,72.8777,Mumbai,Edge-Win11-Desktop
2026-06-05 13:28:00,sandeep.t,50.243.230.67,SUCCESS,19.076,72.8777,Mumbai,Safari-iOS-Mobile
2026-06-05 14:22:00,rakesh.k,118.169.180.180,SUCCESS,19.076,72.8777,Mumbai,Edge-Win11-Desktop
2026-06-05 15:05:00,neha.r,111.158.173.57,SUCCESS,18.5204,73.8567,Pune,Safari-iOS-Mobile
2026-06-05 15:53:00,rakesh.k,140.250.153.122,SUCCESS,19.076,72.8777,Mumbai,Edge-Win11-Desktop
2026-06-05 16:07:00,neha.r,108.97.130.12,SUCCESS,18.5204,73.8567,Pune,Safari-iOS-Mobile
2026-06-05 16:16:00,priya.s,183.70.49.232,SUCCESS,19.076,72.8777,Mumbai,Chrome-Win10-Desktop
2026-06-05 16:29:00,neha.r,26.56.255.153,SUCCESS,18.5204,73.8567,Pune,Safari-iOS-Mobile
2026-06-05 17:08:00,neha.r,59.215.194.174,SUCCESS,18.5204,73.8567,Pune,Safari-iOS-Mobile
2026-06-05 18:07:00,priya.s,200.32.243.115,SUCCESS,19.076,72.8777,Mumbai,Chrome-Win10-Desktop
2026-06-05 18:08:00,neha.r,145.187.203.81,SUCCESS,18.5204,73.8567,Pune,Safari-iOS-Mobile
2026-06-05 18:14:00,priya.s,41.102.71.61,SUCCESS,19.076,72.8777,Mumbai,Chrome-Win10-Desktop
2026-06-05 18:31:00,rakesh.k,170.122.140.113,FAIL,19.076,72.8777,Mumbai,Edge-Win11-Desktop
2026-06-05 18:35:00,sandeep.t,15.199.240.12,SUCCESS,19.076,72.8777,Mumbai,Safari-iOS-Mobile
2026-06-05 19:38:00,rakesh.k,60.78.191.196,SUCCESS,19.076,72.8777,Mumbai,Edge-Win11-Desktop
2026-06-05 20:17:00,rakesh.k,215.42.217.21,SUCCESS,19.076,72.8777,Mumbai,Edge-Win11-Desktop
2026-06-05 20:20:00,sandeep.t,135.9.57.238,SUCCESS,19.076,72.8777,Mumbai,Safari-iOS-Mobile
2026-06-05 20:59:00,neha.r,36.63.145.22,SUCCESS,18.5204,73.8567,Pune,Safari-iOS-Mobile
2026-06-05 21:01:00,priya.s,110.13.42.165,SUCCESS,19.076,72.8777,Mumbai,Chrome-Win10-Desktop
2026-06-05 21:18:00,priya.s,202.229.119.137,SUCCESS,19.076,72.8777,Mumbai,Chrome-Win10-Desktop
2026-06-05 21:33:00,neha.r,166.81.186.96,SUCCESS,18.5204,73.8567,Pune,Safari-iOS-Mobile
2026-06-06 07:30:00,neha.r,190.195.197.254,SUCCESS,18.5204,73.8567,Pune,Safari-iOS-Mobile
2026-06-06 08:07:00,priya.s,145.99.178.90,SUCCESS,19.076,72.8777,Mumbai,Chrome-Win10-Desktop
2026-06-06 08:10:00,sandeep.t,161.78.87.169,SUCCESS,19.076,72.8777,Mumbai,Safari-iOS-Mobile
2026-06-06 08:12:00,amit.v,92.243.77.246,FAIL,28.7041,77.1025,Delhi,Chrome-Win10-Desktop
2026-06-06 08:23:00,neha.r,217.66.30.151,SUCCESS,18.5204,73.8567,Pune,Safari-iOS-Mobile
2026-06-06 08:26:00,priya.s,135.123.243.166,SUCCESS,19.076,72.8777,Mumbai,Chrome-Win10-Desktop
2026-06-06 09:04:00,amit.v,209.20.15.244,SUCCESS,28.7041,77.1025,Delhi,Chrome-Win10-Desktop
2026-06-06 09:30:00,priya.s,80.144.51.214,SUCCESS,19.076,72.8777,Mumbai,Chrome-Win10-Desktop
2026-06-06 09:41:00,amit.v,206.110.220.116,SUCCESS,28.7041,77.1025,Delhi,Chrome-Win10-Desktop
2026-06-06 10:12:00,priya.s,112.168.142.222,FAIL,19.076,72.8777,Mumbai,Chrome-Win10-Desktop
2026-06-06 10:54:00,rakesh.k,77.250.128.232,SUCCESS,19.076,72.8777,Mumbai,Edge-Win11-Desktop
2026-06-06 11:31:00,priya.s,83.205.18.117,SUCCESS,19.076,72.8777,Mumbai,Chrome-Win10-Desktop
2026-06-06 12:20:00,priya.s,208.43.26.40,SUCCESS,19.076,72.8777,Mumbai,Chrome-Win10-Desktop
2026-06-06 13:42:00,sandeep.t,31.184.34.245,SUCCESS,19.076,72.8777,Mumbai,Safari-iOS-Mobile
2026-06-06 13:46:00,sandeep.t,49.212.50.214,SUCCESS,19.076,72.8777,Mumbai,Safari-iOS-Mobile
2026-06-06 13:58:00,sandeep.t,102.45.223.217,SUCCESS,19.076,72.8777,Mumbai,Safari-iOS-Mobile
2026-06-06 14:19:00,sandeep.t,21.112.202.253,SUCCESS,19.076,72.8777,Mumbai,Safari-iOS-Mobile
2026-06-06 14:28:00,priya.s,81.92.223.163,SUCCESS,19.076,72.8777,Mumbai,Chrome-Win10-Desktop
2026-06-06 15:03:00,sandeep.t,159.245.87.135,SUCCESS,19.076,72.8777,Mumbai,Safari-iOS-Mobile
2026-06-06 15:09:00,sandeep.t,84.219.0.158,SUCCESS,19.076,72.8777,Mumbai,Safari-iOS-Mobile
2026-06-06 15:24:00,neha.r,96.14.253.218,SUCCESS,18.5204,73.8567,Pune,Safari-iOS-Mobile
2026-06-06 15:31:00,sandeep.t,48.228.247.89,SUCCESS,19.076,72.8777,Mumbai,Safari-iOS-Mobile
2026-06-06 16:00:00,sandeep.t,99.140.147.32,FAIL,12.9716,77.5946,Bengaluru,Chrome-Win10-Desktop
2026-06-06 16:02:00,sandeep.t,99.140.147.32,FAIL,12.9716,77.5946,Bengaluru,Chrome-Win10-Desktop
2026-06-06 16:04:00,sandeep.t,99.140.147.32,FAIL,12.9716,77.5946,Bengaluru,Chrome-Win10-Desktop
2026-06-06 16:06:00,sandeep.t,99.140.147.32,FAIL,12.9716,77.5946,Bengaluru,Chrome-Win10-Desktop
2026-06-06 16:09:00,sandeep.t,99.140.147.32,SUCCESS,12.9716,77.5946,Bengaluru,Chrome-Win10-Desktop
2026-06-06 16:54:00,rakesh.k,41.153.158.171,SUCCESS,19.076,72.8777,Mumbai,Edge-Win11-Desktop
2026-06-06 17:04:00,rakesh.k,150.148.153.218,SUCCESS,19.076,72.8777,Mumbai,Edge-Win11-Desktop
2026-06-06 18:10:00,sandeep.t,89.7.208.24,SUCCESS,19.076,72.8777,Mumbai,Safari-iOS-Mobile
2026-06-06 18:28:00,rakesh.k,64.146.251.52,SUCCESS,19.076,72.8777,Mumbai,Edge-Win11-Desktop
2026-06-06 18:37:00,rakesh.k,179.101.217.30,SUCCESS,19.076,72.8777,Mumbai,Edge-Win11-Desktop
2026-06-06 19:19:00,neha.r,166.4.153.239,SUCCESS,18.5204,73.8567,Pune,Safari-iOS-Mobile
2026-06-06 19:33:00,priya.s,128.25.127.235,SUCCESS,19.076,72.8777,Mumbai,Chrome-Win10-Desktop
2026-06-06 19:43:00,priya.s,111.187.46.203,SUCCESS,19.076,72.8777,Mumbai,Chrome-Win10-Desktop
2026-06-06 20:28:00,neha.r,108.173.95.128,SUCCESS,18.5204,73.8567,Pune,Safari-iOS-Mobile
2026-06-06 20:46:00,neha.r,25.70.106.144,SUCCESS,18.5204,73.8567,Pune,Safari-iOS-Mobile
2026-06-06 21:05:00,rakesh.k,121.50.51.114,SUCCESS,19.076,72.8777,Mumbai,Edge-Win11-Desktop
2026-06-07 02:00:00,amit.v,198.51.100.23,FAIL,37.7749,-122.4194,Unknown,Headless-Script-Client
2026-06-07 02:01:20,priya.s,198.51.100.23,FAIL,37.7749,-122.4194,Unknown,Headless-Script-Client
2026-06-07 02:02:40,rakesh.k,198.51.100.23,FAIL,37.7749,-122.4194,Unknown,Headless-Script-Client
2026-06-07 02:04:00,neha.r,198.51.100.23,FAIL,37.7749,-122.4194,Unknown,Headless-Script-Client
2026-06-07 02:05:20,sandeep.t,198.51.100.23,FAIL,37.7749,-122.4194,Unknown,Headless-Script-Client
2026-06-07 02:06:40,guest.user,198.51.100.23,FAIL,37.7749,-122.4194,Unknown,Headless-Script-Client
2026-06-07 02:08:00,admin,198.51.100.23,FAIL,37.7749,-122.4194,Unknown,Headless-Script-Client
2026-06-07 08:04:00,amit.v,112.251.37.148,SUCCESS,28.7041,77.1025,Delhi,Chrome-Win10-Desktop
2026-06-07 08:11:00,amit.v,27.34.120.104,SUCCESS,28.7041,77.1025,Delhi,Chrome-Win10-Desktop
2026-06-07 08:16:00,priya.s,96.203.41.219,SUCCESS,19.076,72.8777,Mumbai,Chrome-Win10-Desktop
2026-06-07 09:08:00,amit.v,205.130.148.84,SUCCESS,28.7041,77.1025,Delhi,Chrome-Win10-Desktop
2026-06-07 09:09:00,amit.v,137.149.139.107,SUCCESS,28.7041,77.1025,Delhi,Chrome-Win10-Desktop
2026-06-07 09:15:00,amit.v,160.165.8.45,SUCCESS,28.7041,77.1025,Delhi,Chrome-Win10-Desktop
2026-06-07 09:21:00,amit.v,218.65.47.166,SUCCESS,28.7041,77.1025,Delhi,Chrome-Win10-Desktop
2026-06-07 09:34:00,amit.v,206.64.65.169,SUCCESS,28.7041,77.1025,Delhi,Chrome-Win10-Desktop
2026-06-07 09:36:00,amit.v,160.10.137.148,FAIL,28.7041,77.1025,Delhi,Chrome-Win10-Desktop
2026-06-07 09:52:00,amit.v,126.46.108.165,SUCCESS,28.7041,77.1025,Delhi,Chrome-Win10-Desktop
2026-06-07 09:57:00,amit.v,97.43.88.11,SUCCESS,28.7041,77.1025,Delhi,Chrome-Win10-Desktop
2026-06-07 10:16:00,neha.r,97.143.141.143,FAIL,18.5204,73.8567,Pune,Safari-iOS-Mobile
2026-06-07 10:50:00,neha.r,126.146.216.179,SUCCESS,18.5204,73.8567,Pune,Safari-iOS-Mobile
2026-06-07 11:15:00,sandeep.t,222.44.142.226,SUCCESS,19.076,72.8777,Mumbai,Safari-iOS-Mobile
2026-06-07 11:25:00,rakesh.k,141.0.236.106,FAIL,19.076,72.8777,Mumbai,Edge-Win11-Desktop
2026-06-07 11:26:00,neha.r,74.41.240.5,SUCCESS,18.5204,73.8567,Pune,Safari-iOS-Mobile
2026-06-07 12:03:00,rakesh.k,177.169.139.32,SUCCESS,19.076,72.8777,Mumbai,Edge-Win11-Desktop
2026-06-07 12:31:00,sandeep.t,170.226.26.53,SUCCESS,19.076,72.8777,Mumbai,Safari-iOS-Mobile
2026-06-07 12:32:00,neha.r,78.1.144.186,SUCCESS,18.5204,73.8567,Pune,Safari-iOS-Mobile
2026-06-07 12:34:00,sandeep.t,131.129.18.193,SUCCESS,19.076,72.8777,Mumbai,Safari-iOS-Mobile
2026-06-07 12:37:00,neha.r,188.10.194.123,FAIL,18.5204,73.8567,Pune,Safari-iOS-Mobile
2026-06-07 12:55:00,rakesh.k,20.183.107.175,SUCCESS,19.076,72.8777,Mumbai,Edge-Win11-Desktop
2026-06-07 13:59:00,rakesh.k,28.4.234.160,SUCCESS,19.076,72.8777,Mumbai,Edge-Win11-Desktop
2026-06-07 14:26:00,neha.r,220.37.64.249,SUCCESS,18.5204,73.8567,Pune,Safari-iOS-Mobile
2026-06-07 15:55:00,priya.s,69.168.75.202,SUCCESS,19.076,72.8777,Mumbai,Chrome-Win10-Desktop
2026-06-07 16:03:00,rakesh.k,29.207.186.132,SUCCESS,19.076,72.8777,Mumbai,Edge-Win11-Desktop
2026-06-07 16:04:00,neha.r,126.212.99.184,SUCCESS,18.5204,73.8567,Pune,Safari-iOS-Mobile
2026-06-07 19:35:00,neha.r,35.25.7.249,SUCCESS,18.5204,73.8567,Pune,Safari-iOS-Mobile
2026-06-07 19:47:00,neha.r,217.127.136.41,SUCCESS,18.5204,73.8567,Pune,Safari-iOS-Mobile
2026-06-07 20:09:00,priya.s,28.30.84.203,SUCCESS,19.076,72.8777,Mumbai,Chrome-Win10-Desktop
2026-06-07 21:11:00,priya.s,115.12.91.189,SUCCESS,19.076,72.8777,Mumbai,Chrome-Win10-Desktop
2026-06-07 21:14:00,rakesh.k,35.194.142.117,SUCCESS,19.076,72.8777,Mumbai,Edge-Win11-Desktop
2026-06-07 21:30:00,priya.s,37.121.195.147,SUCCESS,19.076,72.8777,Mumbai,Chrome-Win10-Desktop
2026-06-07 21:39:00,sandeep.t,167.13.136.8,SUCCESS,19.076,72.8777,Mumbai,Safari-iOS-Mobile
